"TPR_mean","TPR_SD","FDR_mean","FDR_SD","L2_mean","L2_SD","MSPE_mean","MSPE_SD","config","method","number_of_simulations"
0.864,0.150097611337732,0.731188371375445,0.145647592117326,0.387805883188951,0.152096755793737,0.9355151847116,0.0762353888835387,"(iii)","spikeslab",100
