"","TPR_mean","TPR_SD","FDR_mean","FDR_SD","L2_mean","L2_SD","MSPE_mean","MSPE_SD","config","a","number_of_simulations"
"1",0.52,0.160806050441474,0.796085132794786,0.063636291011484,8.35900379792863,3.10714079856773,7.77064837316324,3.15533118815307,"(i)",2,100
