"TPR_mean","TPR_SD","FDR_mean","FDR_SD","L2_mean","L2_SD","MSPE_mean","MSPE_SD","config","method","number_of_simulations"
0.828,0.0505375148186019,0.739554813317994,0.0493037829243425,1.94760559060678,0.533972940594961,1.37171898968859,0.254491397293777,"(ii)","spikeslab",100
